modelo,accuracy,balanced_accuracy,f1_macro,f1_weighted,precision_macro,recall_macro,estrategia_validacao,qtd_treino,qtd_teste,ano_limite_treino,ano_inicio_teste,k_clusters_treino,qtd_variaveis
logistic_regression,1.0,1.0,1.0,1.0,1.0,1.0,sem_vazamento_treino_ate_2022_teste_2023_2025,230,29,2022,2023,3,12
knn,0.9655172413793104,0.9736842105263157,0.9626769626769627,0.9658722762171038,0.9545454545454546,0.9736842105263157,sem_vazamento_treino_ate_2022_teste_2023_2025,230,29,2022,2023,3,12
svm_rbf,0.9655172413793104,0.9736842105263157,0.9626769626769627,0.9658722762171038,0.9545454545454546,0.9736842105263157,sem_vazamento_treino_ate_2022_teste_2023_2025,230,29,2022,2023,3,12
random_forest,0.9655172413793104,0.9736842105263157,0.9626769626769627,0.9658722762171038,0.9545454545454546,0.9736842105263157,sem_vazamento_treino_ate_2022_teste_2023_2025,230,29,2022,2023,3,12
decision_tree,0.7241379310344828,0.7657894736842106,0.5499999999999999,0.8017241379310345,0.6076923076923078,0.5105263157894737,sem_vazamento_treino_ate_2022_teste_2023_2025,230,29,2022,2023,3,12
